{
    "layernum[2]_bsz1_seq2048": 9.612150287628173,
    "layernum[2]_bsz2_seq2048": 15.057276535034182,
    "layernum[2]_bsz3_seq2048": 20.122057723999028,
    "layernum[2]_bsz4_seq2048": 25.831270217895508,
    "layernum[2]_bsz5_seq2048": 31.21988830566406,
    "layernum[2]_bsz6_seq2048": 37.28326072692871,
    "layernum[2]_bsz7_seq2048": 42.542768478393555,
    "layernum[2]_bsz8_seq2048": 48.554880142211914,
    "layernum[2]_bsz9_seq2048": 54.39640007019043,
    "layernum[2]_bsz10_seq2048": 60.322368240356454,
    "layernum[2]_bsz11_seq2048": 65.66830368041992,
    "layernum[2]_bsz12_seq2048": 71.59850540161132,
    "layernum[4]_bsz1_seq2048": 13.662099266052246,
    "layernum[4]_bsz2_seq2048": 21.729494476318358,
    "layernum[4]_bsz3_seq2048": 30.33520011901856,
    "layernum[4]_bsz4_seq2048": 38.7923713684082,
    "layernum[4]_bsz5_seq2048": 47.23109169006348,
    "layernum[4]_bsz6_seq2048": 56.35094413757323,
    "layernum[4]_bsz7_seq2048": 64.85342025756837,
    "layernum[4]_bsz8_seq2048": 73.47741165161132,
    "layernum[4]_bsz9_seq2048": 82.36865386962891,
    "layernum[4]_bsz10_seq2048": 91.22101516723633,
    "layernum[4]_bsz11_seq2048": 100.46955871582034,
    "layernum[4]_bsz12_seq2048": 108.66727371215819,
    "layertype_0_bsz1_seq2048": 2.0249744892120365,
    "layertype_other_bsz1_seq2048": 5.5622013092041005,
    "layertype_0_bsz2_seq2048": 1.668054485321044,
    "layertype_other_bsz2_seq2048": 4.192529296875003,
    "layertype_0_bsz3_seq2048": 1.7021903991699219,
    "layertype_other_bsz3_seq2048": 3.302971776326499,
    "layertype_0_bsz4_seq2048": 1.6201376438140862,
    "layertype_other_bsz4_seq2048": 3.2175422668457045,
    "layertype_0_bsz5_seq2048": 1.601120338439942,
    "layertype_other_bsz5_seq2048": 3.0417369842529283,
    "layertype_0_bsz6_seq2048": 1.58897361755371,
    "layertype_other_bsz6_seq2048": 3.0359295527140318,
    "layertype_0_bsz7_seq2048": 1.5936179842267728,
    "layertype_other_bsz7_seq2048": 2.8903023856026766,
    "layertype_0_bsz8_seq2048": 1.5576582193374628,
    "layertype_other_bsz8_seq2048": 2.9540435791015636,
    "layertype_0_bsz9_seq2048": 1.5540140999688046,
    "layertype_other_bsz9_seq2048": 2.936016252305772,
    "layertype_0_bsz10_seq2048": 1.544932346343994,
    "layertype_other_bsz10_seq2048": 2.942372131347658,
    "layertype_0_bsz11_seq2048": 1.5818752288818372,
    "layertype_other_bsz11_seq2048": 2.80609533136541,
    "layertype_0_bsz12_seq2048": 1.544532012939453,
    "layertype_other_bsz12_seq2048": 2.8774780909220374
}