{
    "layernum[2]_bsz1_seq2048": 10.662073516845703,
    "layernum[2]_bsz2_seq2048": 20.1048002243042,
    "layernum[2]_bsz3_seq2048": 25.016451072692867,
    "layernum[2]_bsz4_seq2048": 31.875452995300293,
    "layernum[2]_bsz5_seq2048": 38.53835525512696,
    "layernum[2]_bsz6_seq2048": 45.99317436218262,
    "layernum[2]_bsz7_seq2048": 52.84183998107911,
    "layernum[2]_bsz8_seq2048": 59.712570190429695,
    "layernum[2]_bsz9_seq2048": 66.68683700561525,
    "layernum[2]_bsz10_seq2048": 74.24451828002928,
    "layernum[2]_bsz11_seq2048": 81.57920227050782,
    "layernum[2]_bsz12_seq2048": 88.09456024169921,
    "layernum[4]_bsz1_seq2048": 17.579731178283694,
    "layernum[4]_bsz2_seq2048": 27.891603279113767,
    "layernum[4]_bsz3_seq2048": 39.877215957641596,
    "layernum[4]_bsz4_seq2048": 50.943846130371085,
    "layernum[4]_bsz5_seq2048": 61.60514907836913,
    "layernum[4]_bsz6_seq2048": 74.28339462280273,
    "layernum[4]_bsz7_seq2048": 85.35170288085938,
    "layernum[4]_bsz8_seq2048": 96.06448516845703,
    "layernum[4]_bsz9_seq2048": 108.24877471923826,
    "layernum[4]_bsz10_seq2048": 119.66581726074219,
    "layernum[4]_bsz11_seq2048": 131.9876159667969,
    "layernum[4]_bsz12_seq2048": 143.0367874145508,
    "layertype_0_bsz1_seq2048": 3.4588288307189954,
    "layertype_other_bsz1_seq2048": 3.7444158554077127,
    "layertype_0_bsz2_seq2048": 1.9467007637023919,
    "layertype_other_bsz2_seq2048": 6.158998584747316,
    "layertype_0_bsz3_seq2048": 2.476794147491455,
    "layertype_other_bsz3_seq2048": 3.385228729248046,
    "layertype_0_bsz4_seq2048": 2.383549141883849,
    "layertype_other_bsz4_seq2048": 3.201764965057375,
    "layertype_0_bsz5_seq2048": 2.306679382324217,
    "layertype_other_bsz5_seq2048": 3.094312286376957,
    "layertype_0_bsz6_seq2048": 2.357518355051676,
    "layertype_other_bsz6_seq2048": 2.9504923502604186,
    "layertype_0_bsz7_seq2048": 2.322133064270019,
    "layertype_other_bsz7_seq2048": 2.9045681544712636,
    "layertype_0_bsz8_seq2048": 2.271994686126708,
    "layertype_other_bsz8_seq2048": 2.9200819015502955,
    "layertype_0_bsz9_seq2048": 2.308996539645723,
    "layertype_other_bsz9_seq2048": 2.7916554768880264,
    "layertype_0_bsz10_seq2048": 2.271064949035645,
    "layertype_other_bsz10_seq2048": 2.8823219299316376,
    "layertype_0_bsz11_seq2048": 2.291291531649504,
    "layertype_other_bsz11_seq2048": 2.833708052201703,
    "layertype_0_bsz12_seq2048": 2.289259465535482,
    "layertype_other_bsz12_seq2048": 2.76269442240397
}