{
    "layernum[2]_bsz1_seq2048": 14.697590351104736,
    "layernum[2]_bsz2_seq2048": 25.24898204803467,
    "layernum[2]_bsz3_seq2048": 35.339293289184575,
    "layernum[2]_bsz4_seq2048": 45.50346183776855,
    "layernum[2]_bsz5_seq2048": 55.29139213562012,
    "layernum[2]_bsz6_seq2048": 65.90237579345704,
    "layernum[2]_bsz7_seq2048": 75.94807434082033,
    "layernum[2]_bsz9_seq2048": 96.75408096313477,
    "layernum[2]_bsz10_seq2048": 106.65932998657226,
    "layernum[2]_bsz11_seq2048": 117.14037704467772,
    "layernum[2]_bsz12_seq2048": 127.22519149780275,
    "layernum[2]_bsz8_seq2048": 85.91239471435547,
    "layernum[4]_bsz1_seq2048": 24.70672016143799,
    "layernum[4]_bsz2_seq2048": 42.633261108398436,
    "layernum[4]_bsz3_seq2048": 60.629391860961924,
    "layernum[4]_bsz4_seq2048": 78.11216354370119,
    "layernum[4]_bsz5_seq2048": 95.47144622802733,
    "layernum[4]_bsz6_seq2048": 114.22408752441407,
    "layernum[4]_bsz7_seq2048": 131.34250946044924,
    "layernum[4]_bsz8_seq2048": 148.64259033203126,
    "layernum[4]_bsz9_seq2048": 167.22299652099613,
    "layernum[4]_bsz10_seq2048": 184.92111511230468,
    "layernum[4]_bsz11_seq2048": 203.4181869506836,
    "layernum[4]_bsz12_seq2048": 220.8061981201172,
    "layertype_0_bsz1_seq2048": 5.004564905166626,
    "layertype_other_bsz1_seq2048": 4.688460540771484,
    "layertype_0_bsz2_seq2048": 4.346069765090942,
    "layertype_other_bsz2_seq2048": 3.9323514938354514,
    "layertype_0_bsz3_seq2048": 4.215016428629558,
    "layertype_other_bsz3_seq2048": 3.349731572469075,
    "layertype_0_bsz4_seq2048": 4.07608771324158,
    "layertype_other_bsz4_seq2048": 3.2236900329589773,
    "layertype_0_bsz5_seq2048": 4.018005409240721,
    "layertype_other_bsz5_seq2048": 3.022267608642582,
    "layertype_0_bsz6_seq2048": 4.0268093109130865,
    "layertype_other_bsz6_seq2048": 2.9301106770833343,
    "layertype_0_bsz7_seq2048": 3.9567453656877793,
    "layertype_other_bsz7_seq2048": 2.9362341744559166,
    "layertype_0_bsz8_seq2048": 3.920637226104737,
    "layertype_other_bsz8_seq2048": 2.8977748870849602,
    "layertype_0_bsz9_seq2048": 3.9149397532145205,
    "layertype_other_bsz9_seq2048": 2.920573933919267,
    "layertype_0_bsz10_seq2048": 3.9130892562866206,
    "layertype_other_bsz10_seq2048": 2.8397544860839843,
    "layertype_0_bsz11_seq2048": 3.9217186320911765,
    "layertype_other_bsz11_seq2048": 2.8056879216974395,
    "layertype_0_bsz12_seq2048": 3.8992086092631015,
    "layertype_other_bsz12_seq2048": 2.80368207295736
}