{
    "layernum[2]_bsz1_seq2048": 17.14643526077271,
    "layernum[2]_bsz2_seq2048": 24.865977478027343,
    "layernum[2]_bsz3_seq2048": 35.02436180114746,
    "layernum[2]_bsz4_seq2048": 45.11106567382812,
    "layernum[2]_bsz5_seq2048": 54.93466491699218,
    "layernum[2]_bsz6_seq2048": 65.6449462890625,
    "layernum[2]_bsz7_seq2048": 75.52785873413087,
    "layernum[2]_bsz9_seq2048": 97.4577537536621,
    "layernum[2]_bsz10_seq2048": 105.87917404174804,
    "layernum[2]_bsz11_seq2048": 116.34252166748047,
    "layernum[2]_bsz12_seq2048": 126.07787170410154,
    "layernum[2]_bsz8_seq2048": 85.28038482666014,
    "layernum[4]_bsz1_seq2048": 24.661372947692872,
    "layernum[4]_bsz2_seq2048": 42.22071723937988,
    "layernum[4]_bsz3_seq2048": 60.71010208129882,
    "layernum[4]_bsz4_seq2048": 77.5655044555664,
    "layernum[4]_bsz5_seq2048": 94.7620262145996,
    "layernum[4]_bsz6_seq2048": 112.8931900024414,
    "layernum[4]_bsz7_seq2048": 130.2728271484375,
    "layernum[4]_bsz8_seq2048": 147.07388610839845,
    "layernum[4]_bsz9_seq2048": 165.2482788085937,
    "layernum[4]_bsz10_seq2048": 183.03172912597657,
    "layernum[4]_bsz11_seq2048": 201.97809906005858,
    "layernum[4]_bsz12_seq2048": 218.66859283447266,
    "layertype_0_bsz1_seq2048": 3.7574688434600816,
    "layertype_other_bsz1_seq2048": 9.631497573852545,
    "layertype_0_bsz2_seq2048": 4.338684940338134,
    "layertype_other_bsz2_seq2048": 3.755618858337403,
    "layertype_0_bsz3_seq2048": 4.28095671335856,
    "layertype_other_bsz3_seq2048": 3.1128738403320306,
    "layertype_0_bsz4_seq2048": 4.0568048477172844,
    "layertype_other_bsz4_seq2048": 3.1641567230224616,
    "layertype_0_bsz5_seq2048": 3.9827361297607418,
    "layertype_other_bsz5_seq2048": 3.0214607238769533,
    "layertype_0_bsz6_seq2048": 3.937353642781575,
    "layertype_other_bsz6_seq2048": 3.0661170959472677,
    "layertype_0_bsz7_seq2048": 3.9103548867361875,
    "layertype_other_bsz7_seq2048": 2.968984331403464,
    "layertype_0_bsz8_seq2048": 3.8620938301086447,
    "layertype_other_bsz8_seq2048": 2.935860443115228,
    "layertype_0_bsz9_seq2048": 3.766140280829534,
    "layertype_other_bsz9_seq2048": 3.2963587443033884,
    "layertype_0_bsz10_seq2048": 3.857627754211426,
    "layertype_other_bsz10_seq2048": 2.872661895751952,
    "layertype_0_bsz11_seq2048": 3.892526245117187,
    "layertype_other_bsz11_seq2048": 2.791540388627487,
    "layertype_0_bsz12_seq2048": 3.8579467137654633,
    "layertype_other_bsz12_seq2048": 2.7905958811442013
}