{
    "1_1_8_sp": {
        "layernum[1]_bsz8_seq4096_rank0_ms": 774.30029296875,
        "layernum[1]_bsz8_seq4096_rank0_act": 636.0751953125,
        "layernum[1]_bsz8_seq4096_rank0_act_peak": 1196.611328125,
        "layernum[1]_bsz8_seq4096_rank7_ms": 774.30029296875,
        "layernum[1]_bsz8_seq4096_rank7_act": 636.0751953125,
        "layernum[1]_bsz8_seq4096_rank7_act_peak": 1196.611328125,
        "layernum[2]_bsz8_seq4096_rank0_ms": 1032.30908203125,
        "layernum[2]_bsz8_seq4096_rank0_act": 958.1064453125,
        "layernum[2]_bsz8_seq4096_rank0_act_peak": 1454.140625,
        "layernum[2]_bsz8_seq4096_rank7_ms": 1032.30908203125,
        "layernum[2]_bsz8_seq4096_rank7_act": 958.1064453125,
        "layernum[2]_bsz8_seq4096_rank7_act_peak": 1454.140625
    },
    "1_2_4_sp": {
        "layernum[1]_bsz8_seq4096_rank0_ms": 838.31689453125,
        "layernum[1]_bsz8_seq4096_rank0_act": 636.0751953125,
        "layernum[1]_bsz8_seq4096_rank0_act_peak": 1196.609375,
        "layernum[1]_bsz8_seq4096_rank7_ms": 838.31689453125,
        "layernum[1]_bsz8_seq4096_rank7_act": 636.0751953125,
        "layernum[1]_bsz8_seq4096_rank7_act_peak": 1196.609375,
        "layernum[2]_bsz8_seq4096_rank0_ms": 1096.33251953125,
        "layernum[2]_bsz8_seq4096_rank0_act": 958.1064453125,
        "layernum[2]_bsz8_seq4096_rank0_act_peak": 1454.13671875,
        "layernum[2]_bsz8_seq4096_rank7_ms": 1096.33251953125,
        "layernum[2]_bsz8_seq4096_rank7_act": 958.1064453125,
        "layernum[2]_bsz8_seq4096_rank7_act_peak": 1454.13671875
    },
    "1_2_4_vtp_sp": {
        "layernum[1]_bsz8_seq4096_rank0_ms": 838.4169921875,
        "layernum[1]_bsz8_seq4096_rank0_act": 636.15771484375,
        "layernum[1]_bsz8_seq4096_rank0_act_peak": 1071.720703125,
        "layernum[1]_bsz8_seq4096_rank7_ms": 838.4169921875,
        "layernum[1]_bsz8_seq4096_rank7_act": 636.15771484375,
        "layernum[1]_bsz8_seq4096_rank7_act_peak": 1071.720703125,
        "layernum[2]_bsz8_seq4096_rank0_ms": 1096.43359375,
        "layernum[2]_bsz8_seq4096_rank0_act": 958.18896484375,
        "layernum[2]_bsz8_seq4096_rank0_act_peak": 1329.248046875,
        "layernum[2]_bsz8_seq4096_rank7_ms": 1096.43359375,
        "layernum[2]_bsz8_seq4096_rank7_act": 958.18896484375,
        "layernum[2]_bsz8_seq4096_rank7_act_peak": 1329.248046875
    },
    "1_4_2_sp": {
        "layernum[1]_bsz8_seq4096_rank0_ms": 902.33251953125,
        "layernum[1]_bsz8_seq4096_rank0_act": 636.0751953125,
        "layernum[1]_bsz8_seq4096_rank0_act_peak": 1196.60546875,
        "layernum[1]_bsz8_seq4096_rank7_ms": 902.33251953125,
        "layernum[1]_bsz8_seq4096_rank7_act": 636.0751953125,
        "layernum[1]_bsz8_seq4096_rank7_act_peak": 1196.60546875,
        "layernum[2]_bsz8_seq4096_rank0_ms": 1160.36376953125,
        "layernum[2]_bsz8_seq4096_rank0_act": 958.1064453125,
        "layernum[2]_bsz8_seq4096_rank0_act_peak": 1454.12890625,
        "layernum[2]_bsz8_seq4096_rank7_ms": 1160.36376953125,
        "layernum[2]_bsz8_seq4096_rank7_act": 958.1064453125,
        "layernum[2]_bsz8_seq4096_rank7_act_peak": 1454.12890625
    },
    "1_4_2_vtp_sp": {
        "layernum[1]_bsz8_seq4096_rank0_ms": 904.5576171875,
        "layernum[1]_bsz8_seq4096_rank0_act": 636.25146484375,
        "layernum[1]_bsz8_seq4096_rank0_act_peak": 1009.369140625,
        "layernum[1]_bsz8_seq4096_rank7_ms": 904.5576171875,
        "layernum[1]_bsz8_seq4096_rank7_act": 636.25146484375,
        "layernum[1]_bsz8_seq4096_rank7_act_peak": 1009.369140625,
        "layernum[2]_bsz8_seq4096_rank0_ms": 1162.58984375,
        "layernum[2]_bsz8_seq4096_rank0_act": 958.28271484375,
        "layernum[2]_bsz8_seq4096_rank0_act_peak": 1266.892578125,
        "layernum[2]_bsz8_seq4096_rank7_ms": 1162.59765625,
        "layernum[2]_bsz8_seq4096_rank7_act": 958.28271484375,
        "layernum[2]_bsz8_seq4096_rank7_act_peak": 1266.892578125
    },
    "1_8_1_sp": {
        "layernum[1]_bsz8_seq4096_rank0_ms": 1030.36376953125,
        "layernum[1]_bsz8_seq4096_rank0_act": 636.0751953125,
        "layernum[1]_bsz8_seq4096_rank0_act_peak": 1196.59765625,
        "layernum[1]_bsz8_seq4096_rank7_ms": 1030.36376953125,
        "layernum[1]_bsz8_seq4096_rank7_act": 636.0751953125,
        "layernum[1]_bsz8_seq4096_rank7_act_peak": 1196.59765625,
        "layernum[2]_bsz8_seq4096_rank0_ms": 1288.42626953125,
        "layernum[2]_bsz8_seq4096_rank0_act": 958.1064453125,
        "layernum[2]_bsz8_seq4096_rank0_act_peak": 1454.11328125,
        "layernum[2]_bsz8_seq4096_rank7_ms": 1288.42626953125,
        "layernum[2]_bsz8_seq4096_rank7_act": 958.1064453125,
        "layernum[2]_bsz8_seq4096_rank7_act_peak": 1454.11328125
    },
    "1_8_1_vtp_sp": {
        "layernum[1]_bsz8_seq4096_rank0_ms": 1030.8857421875,
        "layernum[1]_bsz8_seq4096_rank0_act": 636.43896484375,
        "layernum[1]_bsz8_seq4096_rank0_act_peak": 993.783203125,
        "layernum[1]_bsz8_seq4096_rank7_ms": 1030.8857421875,
        "layernum[1]_bsz8_seq4096_rank7_act": 636.43896484375,
        "layernum[1]_bsz8_seq4096_rank7_act_peak": 993.783203125,
        "layernum[2]_bsz8_seq4096_rank0_ms": 1288.94921875,
        "layernum[2]_bsz8_seq4096_rank0_act": 958.47021484375,
        "layernum[2]_bsz8_seq4096_rank0_act_peak": 1235.931640625,
        "layernum[2]_bsz8_seq4096_rank7_ms": 1288.94921875,
        "layernum[2]_bsz8_seq4096_rank7_act": 958.47021484375,
        "layernum[2]_bsz8_seq4096_rank7_act_peak": 1235.931640625
    },
    "1_1_8_c_sp": {
        "layernum[1]_bsz8_seq4096_rank0_ms": 774.30126953125,
        "layernum[1]_bsz8_seq4096_rank0_act": 346.0439453125,
        "layernum[1]_bsz8_seq4096_rank0_act_peak": 1025.0390625,
        "layernum[1]_bsz8_seq4096_rank7_ms": 774.30126953125,
        "layernum[1]_bsz8_seq4096_rank7_act": 346.0439453125,
        "layernum[1]_bsz8_seq4096_rank7_act_peak": 1025.0390625,
        "layernum[2]_bsz8_seq4096_rank0_ms": 1032.30908203125,
        "layernum[2]_bsz8_seq4096_rank0_act": 378.0439453125,
        "layernum[2]_bsz8_seq4096_rank0_act_peak": 1025.0390625,
        "layernum[2]_bsz8_seq4096_rank7_ms": 1032.30908203125,
        "layernum[2]_bsz8_seq4096_rank7_act": 378.0439453125,
        "layernum[2]_bsz8_seq4096_rank7_act_peak": 1025.0390625
    },
    "2_1_4_sp": {
        "layernum[2]_bsz8_seq4096_rank0_ms": 1035.390625,
        "layernum[2]_bsz8_seq4096_rank0_act": 708.00048828125,
        "layernum[2]_bsz8_seq4096_rank0_act_peak": 1454.07080078125,
        "layernum[2]_bsz8_seq4096_rank7_ms": 1035.40234375,
        "layernum[2]_bsz8_seq4096_rank7_act": 1272.14990234375,
        "layernum[2]_bsz8_seq4096_rank7_act_peak": 2266.216796875
    },
    "2_2_2_sp": {
        "layernum[2]_bsz8_seq4096_rank0_ms": 1163.41015625,
        "layernum[2]_bsz8_seq4096_rank0_act": 708.00048828125,
        "layernum[2]_bsz8_seq4096_rank0_act_peak": 1284.06298828125,
        "layernum[2]_bsz8_seq4096_rank7_ms": 1163.41796875,
        "layernum[2]_bsz8_seq4096_rank7_act": 1272.14990234375,
        "layernum[2]_bsz8_seq4096_rank7_act_peak": 2266.216796875
    },
    "2_2_2_vtp_sp": {
        "layernum[2]_bsz8_seq4096_rank0_ms": 1163.53515625,
        "layernum[2]_bsz8_seq4096_rank0_act": 708.07861328125,
        "layernum[2]_bsz8_seq4096_rank0_act_peak": 1159.20361328125,
        "layernum[2]_bsz8_seq4096_rank7_ms": 1163.55859375,
        "layernum[2]_bsz8_seq4096_rank7_act": 1272.17333984375,
        "layernum[2]_bsz8_seq4096_rank7_act_peak": 2141.298828125
    },
    "2_4_1_sp": {
        "layernum[2]_bsz8_seq4096_rank0_ms": 1291.43359375,
        "layernum[2]_bsz8_seq4096_rank0_act": 708.00048828125,
        "layernum[2]_bsz8_seq4096_rank0_act_peak": 1280.07080078125,
        "layernum[2]_bsz8_seq4096_rank7_ms": 1292.43359375,
        "layernum[2]_bsz8_seq4096_rank7_act": 1272.14990234375,
        "layernum[2]_bsz8_seq4096_rank7_act_peak": 2266.216796875
    },