{
    "layernum[2]_bsz1_seq8192": 40.59129638671875,
    "layernum[2]_bsz2_seq8192": 78.30104598999024,
    "layernum[2]_bsz3_seq8192": 115.56616363525389,
    "layernum[2]_bsz4_seq8192": 152.85103454589844,
    "layernum[2]_bsz5_seq8192": 192.27606048583985,
    "layernum[2]_bsz6_seq8192": 229.35422210693358,
    "layernum[2]_bsz7_seq8192": 267.5378326416016,
    "layernum[2]_bsz8_seq8192": 306.00629577636715,
    "layernum[2]_bsz9_seq8192": 344.54543151855466,
    "layernum[2]_bsz10_seq8192": 382.5058898925781,
    "layernum[4]_bsz1_seq8192": 66.28233642578125,
    "layernum[4]_bsz2_seq8192": 127.58643493652345,
    "layernum[4]_bsz3_seq8192": 189.04232025146487,
    "layernum[4]_bsz4_seq8192": 249.50597686767577,
    "layernum[4]_bsz5_seq8192": 312.8712524414062,
    "layernum[4]_bsz6_seq8192": 374.51709594726555,
    "layernum[4]_bsz7_seq8192": 437.40160217285154,
    "layernum[4]_bsz8_seq8192": 499.9561340332031,
    "layernum[4]_bsz9_seq8192": 562.7080200195313,
    "layernum[4]_bsz10_seq8192": 624.8662292480469,
    "layertype_0_bsz1_seq8192": 12.84552001953125,
    "layertype_other_bsz1_seq8192": 14.900256347656253,
    "layertype_0_bsz2_seq8192": 12.3213472366333,
    "layertype_other_bsz2_seq8192": 14.50782852172852,
    "layertype_0_bsz3_seq8192": 12.246026102701832,
    "layertype_other_bsz3_seq8192": 14.030002339680967,
    "layertype_0_bsz4_seq8192": 12.081867790222166,
    "layertype_other_bsz4_seq8192": 14.04902305603028,
    "layertype_0_bsz5_seq8192": 12.059519195556637,
    "layertype_other_bsz5_seq8192": 14.336173706054694,
    "layertype_0_bsz6_seq8192": 12.096906153360997,
    "layertype_other_bsz6_seq8192": 14.031891377766934,
    "layertype_0_bsz7_seq8192": 12.133126395089281,
    "layertype_other_bsz7_seq8192": 13.953437587193093,
    "layertype_0_bsz8_seq8192": 12.121864891052248,
    "layertype_other_bsz8_seq8192": 14.0070571899414,
    "layertype_0_bsz9_seq8192": 12.120143805609814,
    "layertype_other_bsz9_seq8192": 14.042538113064223,
    "layertype_0_bsz10_seq8192": 12.118016967773439,
    "layertype_other_bsz10_seq8192": 14.014555053710932
}