{
    "layernum[2]_bsz1_seq8192": 28.03689613342285,
    "layernum[2]_bsz2_seq8192": 54.33357467651368,
    "layernum[2]_bsz3_seq8192": 79.75137634277344,
    "layernum[2]_bsz4_seq8192": 106.06498565673827,
    "layernum[2]_bsz5_seq8192": 131.76610412597657,
    "layernum[2]_bsz6_seq8192": 157.53567810058595,
    "layernum[2]_bsz7_seq8192": 183.40367584228514,
    "layernum[2]_bsz8_seq8192": 209.20090332031248,
    "layernum[2]_bsz9_seq8192": 236.20404663085938,
    "layernum[2]_bsz10_seq8192": 260.9595001220704,
    "layernum[4]_bsz1_seq8192": 40.46677436828613,
    "layernum[4]_bsz2_seq8192": 79.03095245361328,
    "layernum[4]_bsz3_seq8192": 116.51487731933594,
    "layernum[4]_bsz4_seq8192": 154.0615661621094,
    "layernum[4]_bsz5_seq8192": 192.20731658935546,
    "layernum[4]_bsz6_seq8192": 230.79703979492186,
    "layernum[4]_bsz7_seq8192": 268.2888793945312,
    "layernum[4]_bsz8_seq8192": 306.3194885253906,
    "layernum[4]_bsz9_seq8192": 344.9276184082031,
    "layernum[4]_bsz10_seq8192": 383.4549926757812,
    "layertype_0_bsz1_seq8192": 6.214939117431641,
    "layertype_other_bsz1_seq8192": 15.607017898559569,
    "layertype_0_bsz2_seq8192": 6.174344444274901,
    "layertype_other_bsz2_seq8192": 14.818098449707037,
    "layertype_0_bsz3_seq8192": 6.127250162760416,
    "layertype_other_bsz3_seq8192": 14.329291788736981,
    "layertype_0_bsz4_seq8192": 5.999572563171389,
    "layertype_other_bsz4_seq8192": 14.51710128784179,
    "layertype_0_bsz5_seq8192": 6.044121246337889,
    "layertype_other_bsz5_seq8192": 14.264978332519537,
    "layertype_0_bsz6_seq8192": 6.105113474527992,
    "layertype_other_bsz6_seq8192": 14.045719401041675,
    "layertype_0_bsz7_seq8192": 6.063228825160432,
    "layertype_other_bsz7_seq8192": 14.074067470005584,
    "layertype_0_bsz8_seq8192": 6.069911575317384,
    "layertype_other_bsz8_seq8192": 14.010289764404291,
    "layertype_0_bsz9_seq8192": 6.040198432074651,
    "layertype_other_bsz9_seq8192": 14.164497205946184,
    "layertype_0_bsz10_seq8192": 6.124774627685542,
    "layertype_other_bsz10_seq8192": 13.846400756835953
}